RCV_PROJECT,RECEIVER,ACTIVATION_YEAR,ACTIVATION_MONTH,ACTIVATION_DAY,ACTIVATION_TIME,STATION_NAME,DEPLOY_YEAR,DEPLOY_MONTH,DEPLOY_DAY,DEPLOY_TIME,DEPLOY_LAT,DEPLOY_LONG,VALID_DATA_UNTIL_YEAR,VALID_DATA_UNTIL_MONTH,VALID_DATA_UNTIL_DAY,VALID_DATA_UNTIL_TIME,RECOVER_YEAR,RECOVER_MONTH,RECOVER_DAY,RECOVER_TIME,ACOUSTIC_RELEASE_NUMBER,SPECIES_PREFERENCES,ADDITIONAL_CLASSIFIER,AMPLIFIER_SENSIVITY,HYDROPHONE_SENSIVITY,RECORDING_NAME,HYDROPHONE_CABLE_LENGTH,SAMPLE_RATE,MOORING_TYPE,BATTERY_END_YEAR,BATTERY_END_MONTH,BATTERY_END_DAY,DOWNLOAD_YEAR,DOWNLOAD_MONTH,DOWNLOAD_DAY,DOWNLOAD_TIME,COMMENTS,,,ACTIVATION_DATE_TIME,DEPLOY_DATE_TIME,VALID_DATA_UNTIL_DATE_TIME,RECOVER_DATE_TIME,BATTERY_END_DATE,DOWNLOAD_DATE_TIME
PAM Harbour porpoise Borssele 2019-2024,C-POD-1876,2021,10,7,12:56:00,MT1,2021,10,7,13:37:00,51.24055,02.50416,2021,12,13,16:59:00,2021,12,13,16:59:00,68205,NA,,,,,,,bottom-mooring,,,,,,,,,,,10/7/2021 12:56,10/7/2021 13:37,12/13/2021 16:59,,,
,,,,,,,,,,,,,,,,,,,,,,,,,,,,,,,,,,,,,,,,,,,,,
,,,,,,,,,,,,,,,,,,,,,,,,,,,,,,,,,,,,,,,,,,,,,
,,,,,,,,,,,,,,,,,,,,,,,,,,,,,,,,,,,,,,,,,,,,,
,,,,,,,,,,,,,,,,,,,,,,,,,,,,,,,,,,,,,,,,,,,,,
,,,,,,,,,,,,,,,,,,,,,,,,,,,,,,,,,,,,,,,,,,,,,
,,,,,,,,,,,,,,,,,,,,,,,,,,,,,,,,,,,,,,,,,,,,,
,,,,,,,,,,,,,,,,,,,,,,,,,,,,,,,,,,,,,,,,,,,,,
,,,,,,,,,,,,,,,,,,,,,,,,,,,,,,,,,,,,,,,,,,,,,
,,,,,,,,,,,,,,,,,,,,,,,,,,,,,,,,,,,,,,,,,,,,,
,,,,,,,,,,,,,,,,,,,,,,,,,,,,,,,,,,,,,,,,,,,,,
,,,,,,,,,,,,,,,,,,,,,,,,,,,,,,,,,,,,,,,,,,,,,
,,,,,,,,,,,,,,,,,,,,,,,,,,,,,,,,,,,,,,,,,,,,,
